INSERT INTO t_table (_int, _boolean, _long, _decimal, _double, _float, _string, _byte, _date, _time, _timestamp) VALUES(1, true, 5968326496, 99.65, 5.62, 79.6, 'Insert', 0, now(), now(), now());
INSERT INTO t_table (_int, _boolean, _long, _decimal, _double, _float, _string, _byte, _date, _time, _timestamp) VALUES(2, false, 596328794, 45.92, 7.16, 21.2, 'Insert', 1, now(), now(), now());
INSERT INTO t_table (_int, _boolean, _long, _decimal, _double, _float, _string, _byte, _date, _time, _timestamp) VALUES(3, true, 7963256489, 75.16, 9.15, 33.9, 'Insert', 2, now(), now(), now());
--
INSERT INTO t_table1 (_int, _boolean, _long, _decimal, _double, _float, _string, _byte, _date, _time, _timestamp) VALUES(1, true, 5968326496, 99.65, 5.62, 79.6, 'Insert', 0, now(), now(), now());
INSERT INTO t_table1 (_int, _boolean, _long, _decimal, _double, _float, _string, _byte, _date, _time, _timestamp) VALUES(2, false, 596328794, 45.92, 7.16, 21.2, 'Insert', 1, now(), now(), now());
INSERT INTO t_table1 (_int, _boolean, _long, _decimal, _double, _float, _string, _byte, _date, _time, _timestamp) VALUES(3, true, 7963256489, 75.16, 9.15, 33.9, 'Insert', 2, now(), now(), now());
--
INSERT INTO t_table6 (_int, _boolean, _long, _decimal, _double, _float, _string, _byte, _date, _time, _timestamp) VALUES(1, true, 5968326496, 99.65, 5.62, 79.6, 'Insert', 0, now(), now(), now());
INSERT INTO t_table6 (_int, _boolean, _long, _decimal, _double, _float, _string, _byte, _date, _time, _timestamp) VALUES(2, false, 596328794, 45.92, 7.16, 21.2, 'Insert', 1, now(), now(), now());
INSERT INTO t_table6 (_int, _boolean, _long, _decimal, _double, _float, _string, _byte, _date, _time, _timestamp) VALUES(3, true, 7963256489, 75.16, 9.15, 33.9, 'Insert', 2, now(), now(), now());
--
INSERT INTO t_table6 (_int, _boolean, _long, _decimal, _double, _float, _string, _byte, _date, _time, _timestamp) VALUES(1, true, 5968326496, 99.65, 5.62, 79.6, 'Insert', 0, now(), now(), now());
INSERT INTO t_table6 (_int, _boolean, _long, _decimal, _double, _float, _string, _byte, _date, _time, _timestamp) VALUES(2, false, 596328794, 45.92, 7.16, 21.2, 'Insert', 1, now(), now(), now());
INSERT INTO t_table6 (_int, _boolean, _long, _decimal, _double, _float, _string, _byte, _date, _time, _timestamp) VALUES(3, true, 7963256489, 75.16, 9.15, 33.9, 'Insert', 2, now(), now(), now());
--
INSERT INTO t_table6 (_int, _boolean, _long, _decimal, _double, _float, _string, _byte, _date, _time, _timestamp) VALUES(1, true, 5968326496, 99.65, 5.62, 79.6, 'Insert', 0, now(), now(), now());
INSERT INTO t_table6 (_int, _boolean, _long, _decimal, _double, _float, _string, _byte, _date, _time, _timestamp) VALUES(2, false, 596328794, 45.92, 7.16, 21.2, 'Insert', 1, now(), now(), now());
INSERT INTO t_table6 (_int, _boolean, _long, _decimal, _double, _float, _string, _byte, _date, _time, _timestamp) VALUES(3, true, 7963256489, 75.16, 9.15, 33.9, 'Insert', 2, now(), now(), now());
--
INSERT INTO t_table6 (_int, _boolean, _long, _decimal, _double, _float, _string, _byte, _date, _time, _timestamp) VALUES(1, true, 5968326496, 99.65, 5.62, 79.6, 'Insert', 0, now(), now(), now());
INSERT INTO t_table6 (_int, _boolean, _long, _decimal, _double, _float, _string, _byte, _date, _time, _timestamp) VALUES(2, false, 596328794, 45.92, 7.16, 21.2, 'Insert', 1, now(), now(), now());
INSERT INTO t_table6 (_int, _boolean, _long, _decimal, _double, _float, _string, _byte, _date, _time, _timestamp) VALUES(3, true, 7963256489, 75.16, 9.15, 33.9, 'Insert', 2, now(), now(), now());
--
INSERT INTO t_table6 (_int, _boolean, _long, _decimal, _double, _float, _string, _byte, _date, _time, _timestamp) VALUES(1, true, 5968326496, 99.65, 5.62, 79.6, 'Insert', 0, now(), now(), now());
INSERT INTO t_table6 (_int, _boolean, _long, _decimal, _double, _float, _string, _byte, _date, _time, _timestamp) VALUES(2, false, 596328794, 45.92, 7.16, 21.2, 'Insert', 1, now(), now(), now());
INSERT INTO t_table6 (_int, _boolean, _long, _decimal, _double, _float, _string, _byte, _date, _time, _timestamp) VALUES(3, true, 7963256489, 75.16, 9.15, 33.9, 'Insert', 2, now(), now(), now());
